Fecha,AGUASCALIENTES,BAJA CALIFORNIA,BAJA CALIFORNIA SUR,CAMPECHE,CHIAPAS,CHIHUAHUA,CIUDAD DE MÉXICO,COAHUILA DE ZARAGOZA,COLIMA,DURANGO,GUANAJUATO,GUERRERO,HIDALGO,JALISCO,MICHOACÁN DE OCAMPO,MORELOS,MÉXICO,NAYARIT,NUEVO LEÓN,OAXACA,PUEBLA,QUERÉTARO,QUINTANA ROO,SAN LUIS POTOSÍ,SINALOA,SONORA,TABASCO,TAMAULIPAS,TLAXCALA,VERACRUZ DE IGNACIO DE LA LLAVE,YUCATÁN,ZACATECAS
2020-01-18,,,,,,,,,,,,,,,,,,,,,1.0,,,,,,,,,,,
2020-02-26,,,,,,,,,,,,,,,,,1.0,,,,,,,,,,,,,,,
2020-02-27,,,,,,,1.0,,,,,,,,,,,,,,,,,,,,,,,,,
2020-03-01,,,,,,,,,,,,,,,,,,,,,,,,,1.0,,,,,,,
2020-03-02,,,,,,,,,,,,,,,,,2.0,,,,,,,,,,,,,,,
2020-03-03,,,,,,,2.0,,,,,,,,,,1.0,,,,,,,,,,,,,,,
2020-03-04,,,,,,,1.0,,,,,,,,,,1.0,,,,,,,,,,,,,,,
2020-03-06,,,,,,,1.0,,,,,,,,,,1.0,,1.0,,,,,,,,,,,,,
2020-03-08,,,,,,,,,,,,,1.0,,,,,,,,,,,,,,,,,,1.0,
2020-03-09,,,1.0,,,,1.0,,,,,,,,,,1.0,,,,,,,,,,,,,,,
2020-03-10,,,,,,,,,,,,,,,,,,,,,1.0,,,,,,,,,,,
2020-03-13,,,,,,,2.0,1.0,,,,,1.0,1.0,,,2.0,,1.0,,,,,,,,,,,,,
2020-03-14,,1.0,,,,,1.0,,,,,,,,,1.0,1.0,,,,,,,,2.0,,,,,,,
2020-03-15,,2.0,,,,,3.0,,,1.0,,,,,,,2.0,,,,,,2.0,1.0,,,,,,,,
2020-03-16,,1.0,,,,,6.0,1.0,,,,,,1.0,,,2.0,,,,1.0,,,,1.0,,,,,,,1.0
2020-03-17,,1.0,,,,,5.0,1.0,,,,,,1.0,1.0,,1.0,,,,2.0,2.0,,,,,,,,,,
2020-03-18,,3.0,,,,1.0,4.0,,,,,,,,,,1.0,,1.0,,1.0,,1.0,,1.0,,1.0,,,,,
2020-03-19,,2.0,,,,,6.0,,,1.0,,1.0,,,,,2.0,,,,,,,,1.0,,2.0,,,,,1.0
2020-03-20,,3.0,,,,,16.0,,,,,1.0,1.0,1.0,,,2.0,,,,2.0,,,1.0,1.0,1.0,1.0,,,1.0,1.0,
2020-03-21,,,,,1.0,1.0,6.0,1.0,,,,1.0,1.0,1.0,,2.0,5.0,,,,1.0,,2.0,1.0,1.0,,,1.0,,,1.0,
2020-03-22,,,1.0,,,1.0,6.0,,,,1.0,,,,1.0,1.0,5.0,,1.0,,3.0,,2.0,,3.0,1.0,,,,,1.0,
2020-03-23,,4.0,1.0,,,,14.0,3.0,,,,,1.0,1.0,1.0,,3.0,,,,4.0,,1.0,,7.0,,1.0,1.0,,,1.0,
2020-03-24,,3.0,1.0,,,2.0,8.0,1.0,,1.0,,1.0,,,1.0,1.0,3.0,1.0,,,,,1.0,,4.0,1.0,1.0,1.0,1.0,,2.0,
2020-03-25,,6.0,,1.0,,3.0,13.0,2.0,,1.0,1.0,1.0,,1.0,2.0,,7.0,,,,,,1.0,,3.0,,1.0,,,,,
2020-03-26,,4.0,,,,3.0,16.0,2.0,,,1.0,,,,,,9.0,,1.0,2.0,1.0,2.0,3.0,,6.0,,,,,1.0,,
2020-03-27,1.0,2.0,1.0,,1.0,,11.0,2.0,,,,,1.0,2.0,,1.0,6.0,,,,5.0,,6.0,,5.0,2.0,2.0,,,1.0,,
2020-03-28,,5.0,1.0,1.0,1.0,3.0,16.0,1.0,,,,,,,,1.0,8.0,,,,3.0,,4.0,,2.0,2.0,4.0,1.0,1.0,1.0,,
2020-03-29,,13.0,,,,3.0,13.0,1.0,,,,,1.0,,1.0,1.0,11.0,,,1.0,5.0,,3.0,,4.0,,3.0,,,,1.0,
2020-03-30,,6.0,1.0,,,1.0,25.0,3.0,,,,1.0,1.0,3.0,1.0,,12.0,,,,5.0,,4.0,,7.0,1.0,2.0,1.0,,1.0,,
2020-03-31,,10.0,1.0,,,7.0,18.0,1.0,,,,2.0,,1.0,1.0,,4.0,1.0,,,2.0,,3.0,2.0,9.0,2.0,3.0,,,,,2.0
2020-04-01,,13.0,,,,3.0,27.0,3.0,,,2.0,,,1.0,3.0,2.0,21.0,,,,2.0,,5.0,,4.0,3.0,4.0,,3.0,2.0,2.0,
2020-04-02,,10.0,1.0,1.0,1.0,4.0,23.0,1.0,,,2.0,2.0,,1.0,3.0,,19.0,1.0,2.0,,12.0,,7.0,,6.0,,2.0,,1.0,2.0,,1.0
2020-04-03,1.0,16.0,,1.0,1.0,8.0,17.0,,,,,3.0,2.0,,1.0,3.0,24.0,,1.0,1.0,5.0,1.0,4.0,,9.0,1.0,1.0,,,1.0,3.0,
2020-04-04,,16.0,1.0,,1.0,2.0,23.0,2.0,,1.0,1.0,2.0,,,,1.0,12.0,1.0,,1.0,4.0,,2.0,,9.0,3.0,3.0,3.0,2.0,3.0,,
2020-04-05,1.0,9.0,2.0,,1.0,5.0,23.0,1.0,,,1.0,,1.0,1.0,1.0,2.0,13.0,2.0,2.0,1.0,1.0,1.0,6.0,,4.0,,4.0,,,,1.0,
2020-04-06,,9.0,1.0,,,4.0,33.0,4.0,1.0,,1.0,2.0,2.0,,1.0,,30.0,1.0,,,5.0,,8.0,,7.0,1.0,5.0,1.0,2.0,4.0,,
2020-04-07,,13.0,1.0,,1.0,3.0,42.0,3.0,,,,1.0,1.0,2.0,3.0,1.0,26.0,,1.0,,2.0,,6.0,,6.0,,6.0,,,3.0,2.0,
2020-04-08,1.0,23.0,3.0,1.0,,5.0,40.0,1.0,,1.0,,3.0,1.0,,3.0,1.0,31.0,,1.0,1.0,6.0,,11.0,,10.0,1.0,11.0,,1.0,2.0,1.0,1.0
2020-04-09,,30.0,,,,9.0,31.0,1.0,,,1.0,1.0,2.0,2.0,3.0,,21.0,,1.0,,5.0,,1.0,,7.0,3.0,5.0,,1.0,3.0,1.0,
2020-04-10,,26.0,1.0,,,8.0,69.0,4.0,,,1.0,1.0,,2.0,2.0,6.0,37.0,1.0,1.0,1.0,11.0,,4.0,,11.0,4.0,7.0,1.0,2.0,3.0,3.0,1.0
2020-04-11,1.0,13.0,1.0,2.0,2.0,4.0,37.0,2.0,1.0,,1.0,4.0,2.0,,2.0,3.0,32.0,,,,8.0,,8.0,1.0,6.0,2.0,8.0,1.0,,5.0,3.0,1.0
2020-04-12,,26.0,,,,3.0,52.0,2.0,1.0,,,2.0,3.0,2.0,3.0,3.0,39.0,,,1.0,2.0,1.0,9.0,,9.0,,9.0,2.0,1.0,8.0,4.0,
2020-04-13,,22.0,,2.0,,5.0,52.0,2.0,,1.0,4.0,4.0,3.0,1.0,4.0,6.0,51.0,1.0,1.0,,11.0,,13.0,,13.0,3.0,13.0,3.0,2.0,8.0,2.0,
2020-04-14,,23.0,3.0,1.0,1.0,6.0,42.0,2.0,,1.0,3.0,2.0,2.0,,1.0,4.0,47.0,,4.0,3.0,4.0,1.0,11.0,2.0,6.0,4.0,17.0,2.0,2.0,3.0,3.0,
2020-04-15,3.0,22.0,,1.0,2.0,11.0,69.0,1.0,,,,5.0,2.0,2.0,4.0,2.0,66.0,1.0,3.0,5.0,5.0,1.0,14.0,,8.0,,11.0,,3.0,8.0,1.0,
2020-04-16,1.0,22.0,1.0,1.0,1.0,5.0,71.0,1.0,,,5.0,1.0,3.0,1.0,5.0,5.0,55.0,1.0,3.0,2.0,7.0,1.0,7.0,,10.0,2.0,6.0,2.0,3.0,9.0,4.0,
2020-04-17,,23.0,,3.0,1.0,9.0,72.0,,2.0,,1.0,1.0,4.0,4.0,2.0,7.0,83.0,1.0,1.0,1.0,9.0,2.0,12.0,,6.0,3.0,10.0,3.0,3.0,7.0,2.0,
2020-04-18,2.0,20.0,,1.0,,12.0,77.0,3.0,,,3.0,6.0,8.0,1.0,3.0,20.0,76.0,2.0,1.0,2.0,13.0,2.0,16.0,,9.0,4.0,7.0,1.0,2.0,17.0,4.0,1.0
2020-04-19,,27.0,1.0,2.0,1.0,9.0,68.0,2.0,,,1.0,1.0,9.0,1.0,,9.0,70.0,,,1.0,7.0,2.0,9.0,,19.0,,13.0,1.0,6.0,5.0,5.0,2.0
2020-04-20,1.0,48.0,,4.0,1.0,18.0,112.0,1.0,,,2.0,9.0,8.0,1.0,3.0,17.0,93.0,,2.0,1.0,12.0,1.0,8.0,,15.0,4.0,24.0,2.0,5.0,15.0,3.0,1.0
2020-04-21,,24.0,,3.0,1.0,7.0,72.0,1.0,,,2.0,1.0,8.0,3.0,,6.0,68.0,,1.0,3.0,14.0,,12.0,,9.0,,16.0,3.0,1.0,14.0,3.0,1.0
2020-04-22,,33.0,,2.0,1.0,9.0,74.0,,,,2.0,5.0,8.0,2.0,2.0,18.0,52.0,,3.0,3.0,7.0,2.0,11.0,,6.0,2.0,16.0,3.0,2.0,9.0,2.0,
2020-04-23,,19.0,,,1.0,12.0,65.0,2.0,,2.0,2.0,8.0,9.0,,3.0,3.0,76.0,,3.0,2.0,12.0,,9.0,,18.0,2.0,14.0,6.0,3.0,15.0,6.0,
2020-04-24,,22.0,2.0,2.0,,12.0,94.0,3.0,,2.0,6.0,6.0,7.0,7.0,3.0,23.0,92.0,2.0,1.0,3.0,13.0,,6.0,4.0,13.0,3.0,12.0,5.0,5.0,19.0,2.0,1.0
2020-04-25,1.0,28.0,2.0,2.0,5.0,18.0,92.0,1.0,1.0,,5.0,9.0,9.0,4.0,3.0,17.0,77.0,2.0,4.0,3.0,15.0,1.0,14.0,1.0,14.0,2.0,10.0,2.0,4.0,15.0,1.0,
2020-04-26,1.0,28.0,,1.0,1.0,5.0,83.0,1.0,,,3.0,9.0,10.0,4.0,4.0,9.0,85.0,2.0,3.0,4.0,15.0,1.0,8.0,2.0,8.0,3.0,12.0,,4.0,13.0,3.0,1.0
2020-04-27,1.0,28.0,1.0,6.0,2.0,17.0,101.0,2.0,2.0,1.0,3.0,7.0,8.0,4.0,2.0,16.0,84.0,1.0,6.0,2.0,28.0,2.0,10.0,3.0,15.0,3.0,12.0,1.0,2.0,18.0,8.0,2.0
2020-04-28,2.0,33.0,,1.0,2.0,12.0,85.0,1.0,,1.0,2.0,4.0,9.0,1.0,3.0,15.0,88.0,1.0,1.0,1.0,13.0,,7.0,1.0,8.0,2.0,12.0,2.0,3.0,19.0,2.0,
2020-04-29,,24.0,,,3.0,8.0,63.0,1.0,,1.0,2.0,6.0,12.0,5.0,4.0,18.0,71.0,1.0,,6.0,10.0,2.0,5.0,1.0,5.0,3.0,14.0,1.0,2.0,17.0,3.0,1.0
2020-04-30,1.0,31.0,1.0,1.0,6.0,10.0,116.0,2.0,1.0,,3.0,7.0,11.0,5.0,7.0,10.0,93.0,3.0,4.0,9.0,13.0,2.0,7.0,1.0,15.0,6.0,21.0,3.0,5.0,20.0,4.0,1.0
2020-05-01,,47.0,1.0,1.0,4.0,21.0,166.0,2.0,,1.0,12.0,15.0,14.0,4.0,8.0,15.0,116.0,2.0,4.0,7.0,10.0,4.0,14.0,2.0,27.0,7.0,17.0,6.0,3.0,32.0,7.0,
2020-05-02,,38.0,1.0,3.0,9.0,14.0,76.0,2.0,1.0,1.0,4.0,10.0,13.0,3.0,6.0,10.0,57.0,2.0,3.0,3.0,9.0,2.0,12.0,2.0,6.0,4.0,24.0,3.0,7.0,22.0,3.0,
2020-05-03,1.0,30.0,,1.0,2.0,13.0,87.0,2.0,,4.0,6.0,8.0,6.0,2.0,8.0,16.0,54.0,1.0,5.0,5.0,11.0,1.0,2.0,2.0,15.0,2.0,16.0,2.0,5.0,29.0,7.0,1.0
2020-05-04,2.0,24.0,1.0,3.0,5.0,12.0,114.0,,,1.0,2.0,17.0,13.0,6.0,4.0,17.0,92.0,1.0,4.0,5.0,21.0,4.0,7.0,3.0,18.0,4.0,23.0,3.0,6.0,25.0,5.0,
2020-05-05,2.0,40.0,1.0,3.0,3.0,12.0,121.0,2.0,,2.0,4.0,9.0,5.0,9.0,9.0,16.0,114.0,,11.0,8.0,16.0,4.0,7.0,3.0,17.0,5.0,20.0,6.0,3.0,46.0,6.0,
2020-05-06,1.0,39.0,1.0,3.0,2.0,6.0,105.0,2.0,,3.0,2.0,13.0,9.0,2.0,1.0,9.0,92.0,2.0,4.0,3.0,21.0,3.0,8.0,,11.0,9.0,10.0,5.0,10.0,36.0,4.0,3.0
2020-05-07,5.0,36.0,1.0,1.0,6.0,15.0,102.0,2.0,,,6.0,6.0,6.0,5.0,4.0,13.0,91.0,2.0,3.0,10.0,18.0,4.0,5.0,,24.0,12.0,18.0,10.0,8.0,29.0,7.0,1.0
2020-05-08,1.0,40.0,3.0,2.0,6.0,14.0,125.0,,1.0,3.0,6.0,17.0,17.0,4.0,10.0,23.0,100.0,,6.0,7.0,20.0,2.0,7.0,2.0,17.0,10.0,21.0,1.0,10.0,37.0,7.0,
2020-05-09,1.0,31.0,,2.0,6.0,10.0,91.0,1.0,1.0,3.0,2.0,11.0,16.0,7.0,5.0,16.0,85.0,5.0,4.0,7.0,31.0,4.0,7.0,1.0,23.0,7.0,19.0,3.0,6.0,27.0,4.0,1.0
2020-05-10,1.0,48.0,,3.0,16.0,15.0,175.0,,,1.0,4.0,20.0,20.0,4.0,9.0,17.0,154.0,3.0,4.0,14.0,25.0,9.0,6.0,6.0,46.0,17.0,27.0,4.0,12.0,34.0,12.0,1.0
2020-05-11,,28.0,,6.0,6.0,17.0,127.0,1.0,2.0,2.0,4.0,22.0,10.0,6.0,5.0,12.0,133.0,,4.0,10.0,35.0,2.0,7.0,4.0,19.0,15.0,19.0,4.0,4.0,40.0,11.0,1.0
2020-05-12,3.0,32.0,1.0,2.0,10.0,6.0,96.0,4.0,4.0,,6.0,17.0,12.0,6.0,7.0,10.0,95.0,3.0,2.0,8.0,27.0,8.0,3.0,1.0,19.0,14.0,14.0,3.0,5.0,32.0,6.0,1.0
2020-05-13,2.0,37.0,,4.0,13.0,14.0,88.0,1.0,1.0,2.0,6.0,16.0,13.0,3.0,5.0,13.0,101.0,1.0,6.0,4.0,16.0,4.0,9.0,2.0,15.0,15.0,14.0,5.0,3.0,44.0,5.0,
2020-05-14,2.0,27.0,,1.0,11.0,12.0,96.0,1.0,1.0,2.0,6.0,18.0,9.0,7.0,8.0,7.0,106.0,,2.0,12.0,27.0,7.0,4.0,1.0,21.0,7.0,17.0,5.0,8.0,28.0,7.0,3.0
2020-05-15,1.0,41.0,1.0,6.0,13.0,3.0,118.0,3.0,2.0,2.0,4.0,34.0,12.0,7.0,16.0,7.0,140.0,3.0,6.0,9.0,26.0,12.0,7.0,2.0,42.0,20.0,26.0,3.0,2.0,37.0,7.0,
2020-05-16,1.0,24.0,1.0,1.0,9.0,19.0,103.0,1.0,2.0,3.0,3.0,23.0,8.0,4.0,5.0,12.0,105.0,4.0,4.0,9.0,23.0,6.0,6.0,,25.0,19.0,19.0,3.0,4.0,35.0,4.0,
2020-05-17,,27.0,,2.0,8.0,11.0,108.0,,,2.0,7.0,21.0,12.0,12.0,7.0,8.0,89.0,4.0,4.0,9.0,32.0,4.0,6.0,4.0,15.0,15.0,19.0,8.0,4.0,31.0,5.0,2.0
2020-05-18,1.0,29.0,2.0,1.0,17.0,13.0,119.0,2.0,2.0,,6.0,38.0,18.0,9.0,6.0,12.0,138.0,6.0,6.0,15.0,28.0,5.0,12.0,5.0,31.0,23.0,26.0,4.0,6.0,37.0,10.0,2.0
2020-05-19,1.0,31.0,,2.0,19.0,12.0,102.0,2.0,1.0,,4.0,30.0,14.0,10.0,8.0,4.0,116.0,4.0,3.0,6.0,32.0,2.0,8.0,5.0,21.0,18.0,23.0,5.0,13.0,31.0,6.0,1.0
2020-05-20,1.0,40.0,,4.0,13.0,11.0,124.0,4.0,4.0,4.0,10.0,28.0,11.0,11.0,13.0,14.0,155.0,3.0,4.0,20.0,39.0,4.0,9.0,5.0,45.0,24.0,45.0,7.0,3.0,46.0,9.0,2.0
2020-05-21,3.0,29.0,,2.0,15.0,10.0,91.0,4.0,,1.0,2.0,13.0,16.0,14.0,4.0,5.0,88.0,3.0,5.0,9.0,27.0,7.0,4.0,1.0,30.0,25.0,10.0,10.0,7.0,26.0,13.0,
2020-05-22,4.0,35.0,3.0,5.0,19.0,8.0,99.0,3.0,,1.0,8.0,27.0,13.0,7.0,8.0,14.0,122.0,4.0,5.0,15.0,28.0,6.0,9.0,1.0,25.0,27.0,17.0,5.0,10.0,39.0,5.0,3.0
2020-05-23,7.0,20.0,3.0,5.0,18.0,15.0,93.0,3.0,1.0,4.0,5.0,19.0,13.0,12.0,7.0,9.0,120.0,1.0,10.0,10.0,25.0,3.0,8.0,8.0,28.0,30.0,19.0,8.0,9.0,33.0,11.0,2.0
2020-05-24,6.0,22.0,1.0,6.0,15.0,7.0,99.0,4.0,,7.0,13.0,23.0,6.0,17.0,8.0,8.0,111.0,4.0,4.0,19.0,19.0,5.0,10.0,4.0,30.0,26.0,17.0,5.0,11.0,28.0,9.0,1.0
2020-05-25,4.0,28.0,,6.0,20.0,11.0,138.0,2.0,1.0,3.0,9.0,29.0,15.0,20.0,9.0,12.0,167.0,6.0,9.0,14.0,38.0,12.0,13.0,3.0,36.0,38.0,15.0,13.0,8.0,48.0,7.0,4.0
2020-05-26,6.0,30.0,2.0,2.0,17.0,4.0,105.0,4.0,,4.0,9.0,34.0,4.0,13.0,7.0,10.0,117.0,2.0,4.0,16.0,27.0,5.0,7.0,3.0,29.0,23.0,13.0,3.0,5.0,42.0,10.0,
2020-05-27,,27.0,2.0,,19.0,12.0,89.0,3.0,2.0,2.0,7.0,24.0,13.0,19.0,6.0,4.0,116.0,7.0,2.0,14.0,26.0,1.0,8.0,3.0,31.0,34.0,22.0,9.0,7.0,33.0,1.0,2.0
2020-05-28,4.0,24.0,1.0,2.0,6.0,13.0,105.0,4.0,,2.0,18.0,34.0,10.0,25.0,21.0,8.0,138.0,7.0,4.0,11.0,43.0,5.0,6.0,3.0,27.0,30.0,17.0,3.0,9.0,32.0,7.0,4.0
2020-05-29,3.0,20.0,1.0,4.0,14.0,12.0,89.0,2.0,1.0,3.0,13.0,24.0,9.0,20.0,12.0,10.0,122.0,3.0,3.0,13.0,25.0,10.0,10.0,10.0,18.0,29.0,20.0,4.0,10.0,33.0,5.0,1.0
2020-05-30,6.0,30.0,1.0,6.0,17.0,8.0,93.0,3.0,2.0,3.0,14.0,20.0,10.0,21.0,11.0,7.0,105.0,6.0,7.0,12.0,27.0,8.0,10.0,5.0,27.0,31.0,13.0,7.0,11.0,39.0,7.0,2.0
2020-05-31,3.0,35.0,1.0,5.0,20.0,13.0,97.0,6.0,1.0,5.0,11.0,19.0,7.0,26.0,15.0,15.0,127.0,7.0,3.0,19.0,37.0,6.0,7.0,5.0,31.0,39.0,12.0,9.0,11.0,31.0,2.0,2.0
2020-06-01,4.0,35.0,1.0,9.0,42.0,12.0,179.0,9.0,1.0,6.0,18.0,37.0,16.0,36.0,22.0,18.0,192.0,6.0,11.0,25.0,76.0,15.0,11.0,4.0,68.0,65.0,42.0,19.0,15.0,48.0,10.0,3.0
2020-06-02,4.0,23.0,,4.0,24.0,5.0,80.0,6.0,2.0,3.0,14.0,24.0,9.0,18.0,14.0,5.0,135.0,4.0,8.0,26.0,36.0,7.0,6.0,6.0,29.0,36.0,15.0,6.0,12.0,39.0,7.0,2.0
2020-06-03,4.0,33.0,3.0,5.0,14.0,12.0,78.0,5.0,4.0,4.0,23.0,16.0,12.0,18.0,16.0,7.0,100.0,6.0,9.0,17.0,31.0,4.0,5.0,3.0,30.0,45.0,12.0,7.0,9.0,27.0,10.0,3.0
2020-06-04,3.0,20.0,1.0,4.0,16.0,9.0,90.0,7.0,,6.0,23.0,18.0,10.0,18.0,11.0,6.0,127.0,3.0,10.0,18.0,44.0,2.0,6.0,5.0,24.0,36.0,11.0,16.0,11.0,45.0,8.0,4.0
2020-06-05,9.0,23.0,1.0,8.0,12.0,9.0,88.0,9.0,2.0,4.0,16.0,22.0,13.0,27.0,15.0,9.0,126.0,9.0,11.0,18.0,37.0,1.0,8.0,7.0,39.0,54.0,24.0,13.0,15.0,37.0,7.0,4.0
2020-06-06,3.0,28.0,2.0,6.0,17.0,10.0,98.0,7.0,1.0,9.0,18.0,29.0,10.0,36.0,20.0,11.0,123.0,5.0,15.0,19.0,35.0,6.0,7.0,7.0,31.0,35.0,16.0,8.0,8.0,46.0,7.0,2.0
2020-06-07,2.0,30.0,2.0,6.0,15.0,11.0,66.0,5.0,,5.0,21.0,20.0,7.0,31.0,13.0,13.0,112.0,4.0,8.0,15.0,36.0,10.0,11.0,8.0,19.0,38.0,15.0,14.0,9.0,25.0,11.0,3.0
2020-06-08,5.0,19.0,2.0,4.0,21.0,9.0,98.0,8.0,,6.0,29.0,25.0,13.0,39.0,16.0,17.0,122.0,4.0,16.0,33.0,44.0,9.0,8.0,7.0,38.0,44.0,23.0,20.0,4.0,42.0,9.0,2.0
2020-06-09,1.0,26.0,1.0,9.0,13.0,10.0,73.0,10.0,3.0,3.0,33.0,30.0,16.0,33.0,16.0,5.0,103.0,4.0,10.0,15.0,44.0,6.0,9.0,11.0,28.0,48.0,22.0,24.0,9.0,43.0,4.0,1.0
2020-06-10,4.0,45.0,2.0,10.0,25.0,8.0,88.0,9.0,1.0,2.0,35.0,30.0,15.0,32.0,17.0,6.0,144.0,5.0,20.0,18.0,55.0,4.0,5.0,5.0,29.0,43.0,35.0,23.0,18.0,53.0,14.0,5.0
2020-06-11,4.0,23.0,2.0,4.0,12.0,9.0,67.0,7.0,1.0,4.0,18.0,26.0,4.0,23.0,8.0,7.0,81.0,6.0,10.0,21.0,45.0,9.0,9.0,1.0,24.0,36.0,22.0,22.0,8.0,27.0,9.0,1.0
2020-06-12,7.0,16.0,,6.0,21.0,11.0,79.0,10.0,3.0,9.0,19.0,24.0,10.0,31.0,19.0,7.0,103.0,9.0,14.0,23.0,52.0,9.0,12.0,1.0,43.0,41.0,20.0,20.0,8.0,47.0,13.0,4.0
2020-06-13,3.0,26.0,2.0,12.0,19.0,7.0,57.0,3.0,3.0,5.0,17.0,24.0,12.0,21.0,14.0,12.0,88.0,3.0,11.0,14.0,30.0,10.0,11.0,6.0,22.0,30.0,18.0,17.0,4.0,35.0,13.0,2.0
2020-06-14,5.0,17.0,1.0,6.0,19.0,4.0,66.0,5.0,6.0,6.0,31.0,21.0,8.0,29.0,12.0,4.0,96.0,7.0,13.0,8.0,38.0,3.0,8.0,3.0,28.0,69.0,12.0,16.0,9.0,30.0,9.0,6.0
2020-06-15,13.0,22.0,2.0,9.0,24.0,14.0,88.0,9.0,3.0,8.0,29.0,36.0,14.0,28.0,16.0,8.0,136.0,7.0,20.0,23.0,52.0,8.0,6.0,8.0,50.0,60.0,35.0,33.0,19.0,49.0,14.0,3.0
2020-06-16,9.0,25.0,1.0,12.0,19.0,3.0,54.0,9.0,4.0,3.0,28.0,15.0,7.0,25.0,11.0,1.0,91.0,9.0,15.0,22.0,39.0,4.0,10.0,6.0,35.0,47.0,17.0,34.0,4.0,38.0,11.0,1.0
2020-06-17,3.0,35.0,3.0,17.0,10.0,2.0,45.0,10.0,1.0,3.0,36.0,15.0,17.0,27.0,9.0,3.0,68.0,4.0,15.0,15.0,33.0,5.0,7.0,8.0,25.0,40.0,23.0,28.0,8.0,35.0,11.0,
2020-06-18,6.0,23.0,2.0,20.0,12.0,4.0,65.0,7.0,5.0,4.0,21.0,13.0,14.0,28.0,12.0,1.0,111.0,9.0,19.0,14.0,46.0,2.0,10.0,4.0,49.0,45.0,21.0,19.0,8.0,47.0,17.0,3.0
2020-06-19,4.0,24.0,4.0,17.0,14.0,5.0,67.0,10.0,,5.0,42.0,25.0,12.0,27.0,9.0,6.0,113.0,5.0,23.0,11.0,38.0,5.0,7.0,5.0,30.0,46.0,35.0,27.0,10.0,36.0,17.0,3.0
2020-06-20,2.0,51.0,2.0,18.0,17.0,13.0,73.0,9.0,3.0,4.0,44.0,19.0,12.0,35.0,14.0,5.0,108.0,6.0,30.0,17.0,63.0,4.0,14.0,7.0,43.0,54.0,42.0,38.0,13.0,61.0,25.0,
2020-06-21,4.0,26.0,,8.0,12.0,4.0,60.0,18.0,7.0,3.0,26.0,17.0,13.0,34.0,7.0,1.0,79.0,5.0,19.0,9.0,37.0,6.0,9.0,6.0,20.0,45.0,22.0,21.0,9.0,37.0,18.0,4.0
2020-06-22,7.0,19.0,2.0,12.0,16.0,10.0,53.0,18.0,3.0,5.0,39.0,25.0,10.0,26.0,7.0,6.0,103.0,4.0,31.0,19.0,43.0,4.0,9.0,9.0,24.0,57.0,23.0,35.0,16.0,44.0,25.0,3.0
2020-06-23,6.0,40.0,4.0,8.0,19.0,3.0,47.0,12.0,1.0,5.0,31.0,19.0,9.0,23.0,10.0,5.0,84.0,6.0,16.0,6.0,37.0,5.0,8.0,9.0,18.0,50.0,26.0,38.0,6.0,33.0,7.0,2.0
2020-06-24,1.0,27.0,4.0,18.0,11.0,8.0,59.0,7.0,2.0,2.0,39.0,7.0,15.0,25.0,5.0,4.0,84.0,8.0,18.0,14.0,36.0,6.0,11.0,11.0,28.0,57.0,27.0,35.0,8.0,38.0,25.0,1.0
2020-06-25,3.0,23.0,4.0,8.0,16.0,10.0,65.0,16.0,2.0,6.0,40.0,15.0,8.0,26.0,10.0,6.0,88.0,8.0,23.0,13.0,42.0,3.0,13.0,9.0,30.0,59.0,38.0,25.0,7.0,51.0,20.0,2.0
2020-06-26,1.0,27.0,7.0,15.0,11.0,11.0,49.0,25.0,,10.0,37.0,17.0,12.0,38.0,9.0,4.0,100.0,6.0,24.0,6.0,44.0,7.0,20.0,10.0,30.0,64.0,30.0,42.0,16.0,47.0,11.0,5.0
2020-06-27,2.0,17.0,5.0,9.0,10.0,11.0,43.0,21.0,6.0,4.0,32.0,20.0,9.0,23.0,10.0,8.0,70.0,5.0,31.0,16.0,43.0,4.0,10.0,11.0,27.0,46.0,24.0,32.0,6.0,33.0,15.0,2.0
2020-06-28,4.0,28.0,3.0,18.0,19.0,10.0,58.0,19.0,1.0,4.0,37.0,20.0,9.0,33.0,8.0,2.0,99.0,4.0,40.0,18.0,42.0,7.0,27.0,3.0,41.0,42.0,35.0,35.0,18.0,50.0,15.0,7.0
2020-06-29,2.0,23.0,2.0,11.0,18.0,13.0,70.0,24.0,5.0,3.0,49.0,15.0,10.0,27.0,9.0,2.0,78.0,5.0,22.0,22.0,55.0,5.0,16.0,8.0,26.0,43.0,33.0,39.0,13.0,44.0,17.0,4.0
2020-06-30,5.0,23.0,3.0,15.0,16.0,7.0,49.0,25.0,6.0,2.0,33.0,14.0,12.0,56.0,9.0,4.0,95.0,4.0,23.0,17.0,38.0,9.0,12.0,16.0,25.0,61.0,36.0,34.0,11.0,55.0,34.0,5.0
2020-07-01,8.0,37.0,6.0,20.0,13.0,18.0,78.0,18.0,3.0,8.0,46.0,20.0,17.0,50.0,17.0,6.0,125.0,6.0,43.0,26.0,77.0,10.0,18.0,24.0,54.0,61.0,67.0,42.0,14.0,81.0,38.0,5.0
2020-07-02,3.0,27.0,8.0,25.0,6.0,12.0,46.0,13.0,5.0,4.0,31.0,17.0,18.0,36.0,13.0,,85.0,12.0,34.0,20.0,42.0,6.0,20.0,17.0,37.0,43.0,48.0,33.0,23.0,60.0,30.0,9.0
2020-07-03,2.0,25.0,3.0,18.0,6.0,12.0,58.0,8.0,4.0,5.0,37.0,11.0,18.0,35.0,9.0,4.0,72.0,9.0,35.0,17.0,48.0,7.0,27.0,21.0,34.0,54.0,41.0,26.0,14.0,56.0,25.0,9.0
2020-07-04,4.0,16.0,5.0,15.0,11.0,10.0,38.0,15.0,3.0,7.0,48.0,14.0,11.0,25.0,4.0,2.0,84.0,6.0,28.0,18.0,42.0,4.0,17.0,18.0,32.0,46.0,22.0,32.0,11.0,51.0,33.0,5.0
2020-07-05,6.0,31.0,4.0,10.0,6.0,11.0,36.0,16.0,3.0,5.0,35.0,19.0,11.0,34.0,16.0,5.0,84.0,10.0,31.0,12.0,49.0,11.0,16.0,11.0,30.0,47.0,44.0,39.0,16.0,52.0,28.0,3.0
2020-07-06,5.0,15.0,8.0,10.0,5.0,10.0,56.0,30.0,12.0,6.0,41.0,9.0,19.0,29.0,11.0,11.0,92.0,9.0,31.0,14.0,56.0,6.0,23.0,11.0,32.0,46.0,24.0,40.0,10.0,46.0,25.0,3.0
2020-07-07,4.0,19.0,2.0,12.0,8.0,6.0,65.0,32.0,7.0,6.0,40.0,13.0,18.0,27.0,14.0,5.0,89.0,3.0,34.0,13.0,43.0,8.0,10.0,25.0,26.0,46.0,28.0,46.0,8.0,62.0,34.0,8.0
2020-07-08,3.0,28.0,4.0,18.0,6.0,13.0,51.0,27.0,3.0,2.0,38.0,10.0,17.0,25.0,3.0,3.0,77.0,5.0,33.0,11.0,41.0,3.0,19.0,19.0,30.0,40.0,46.0,24.0,8.0,50.0,22.0,8.0
2020-07-09,2.0,21.0,6.0,12.0,9.0,5.0,49.0,16.0,6.0,12.0,24.0,12.0,11.0,25.0,8.0,7.0,67.0,8.0,39.0,8.0,39.0,2.0,23.0,18.0,15.0,30.0,39.0,27.0,16.0,60.0,18.0,4.0
2020-07-10,3.0,21.0,5.0,10.0,11.0,12.0,74.0,32.0,4.0,5.0,57.0,16.0,15.0,30.0,17.0,5.0,102.0,9.0,49.0,21.0,87.0,6.0,26.0,26.0,38.0,40.0,50.0,52.0,24.0,73.0,37.0,6.0
2020-07-11,1.0,23.0,4.0,12.0,3.0,12.0,36.0,22.0,4.0,5.0,27.0,14.0,13.0,28.0,10.0,8.0,67.0,4.0,40.0,7.0,45.0,3.0,26.0,13.0,19.0,36.0,23.0,27.0,29.0,49.0,29.0,6.0
2020-07-12,3.0,23.0,6.0,14.0,10.0,7.0,42.0,28.0,7.0,4.0,31.0,7.0,11.0,22.0,9.0,5.0,63.0,6.0,44.0,14.0,50.0,7.0,20.0,24.0,23.0,29.0,34.0,21.0,23.0,73.0,28.0,12.0
2020-07-13,6.0,24.0,7.0,11.0,10.0,13.0,64.0,23.0,5.0,6.0,36.0,8.0,19.0,26.0,15.0,5.0,78.0,5.0,50.0,13.0,59.0,9.0,25.0,28.0,31.0,26.0,32.0,32.0,12.0,39.0,16.0,4.0
2020-07-14,4.0,21.0,7.0,16.0,5.0,14.0,48.0,20.0,7.0,3.0,29.0,6.0,13.0,27.0,6.0,4.0,73.0,4.0,44.0,12.0,39.0,7.0,16.0,23.0,27.0,21.0,35.0,32.0,12.0,58.0,24.0,6.0
2020-07-15,3.0,27.0,5.0,24.0,13.0,10.0,60.0,26.0,8.0,7.0,36.0,18.0,21.0,29.0,9.0,7.0,83.0,8.0,50.0,11.0,61.0,5.0,14.0,30.0,23.0,35.0,33.0,43.0,19.0,60.0,41.0,7.0
2020-07-16,3.0,20.0,5.0,12.0,7.0,9.0,51.0,28.0,5.0,4.0,49.0,17.0,12.0,31.0,7.0,1.0,94.0,8.0,32.0,11.0,43.0,6.0,24.0,22.0,17.0,18.0,22.0,46.0,9.0,39.0,21.0,7.0
2020-07-17,3.0,22.0,7.0,11.0,4.0,12.0,53.0,19.0,7.0,6.0,40.0,6.0,22.0,34.0,14.0,6.0,73.0,7.0,44.0,11.0,54.0,10.0,17.0,22.0,30.0,15.0,38.0,40.0,15.0,51.0,35.0,8.0
2020-07-18,4.0,20.0,8.0,16.0,4.0,13.0,48.0,20.0,3.0,6.0,29.0,16.0,14.0,26.0,11.0,4.0,76.0,11.0,30.0,16.0,36.0,5.0,28.0,35.0,32.0,29.0,35.0,43.0,4.0,48.0,25.0,8.0
2020-07-19,5.0,22.0,6.0,11.0,4.0,10.0,39.0,25.0,8.0,5.0,36.0,13.0,23.0,24.0,14.0,5.0,80.0,8.0,48.0,12.0,43.0,8.0,17.0,24.0,29.0,22.0,20.0,31.0,11.0,47.0,25.0,11.0
2020-07-20,8.0,26.0,9.0,14.0,6.0,9.0,74.0,34.0,9.0,9.0,59.0,18.0,35.0,46.0,19.0,5.0,91.0,11.0,64.0,16.0,76.0,11.0,19.0,37.0,41.0,31.0,52.0,69.0,21.0,72.0,47.0,10.0
2020-07-21,3.0,12.0,8.0,6.0,7.0,11.0,49.0,28.0,6.0,3.0,40.0,12.0,14.0,27.0,15.0,4.0,54.0,3.0,49.0,10.0,35.0,3.0,19.0,20.0,13.0,20.0,18.0,20.0,6.0,38.0,22.0,4.0
2020-07-22,6.0,18.0,11.0,8.0,3.0,9.0,41.0,24.0,6.0,6.0,34.0,15.0,21.0,31.0,15.0,7.0,60.0,7.0,37.0,17.0,28.0,8.0,14.0,31.0,11.0,18.0,15.0,27.0,13.0,52.0,27.0,14.0
2020-07-23,2.0,16.0,11.0,8.0,2.0,6.0,51.0,22.0,10.0,10.0,31.0,6.0,16.0,34.0,14.0,4.0,65.0,10.0,38.0,15.0,33.0,7.0,10.0,22.0,20.0,22.0,30.0,32.0,7.0,51.0,28.0,10.0
2020-07-24,5.0,13.0,14.0,10.0,2.0,13.0,47.0,29.0,3.0,8.0,35.0,10.0,17.0,41.0,10.0,6.0,79.0,8.0,41.0,16.0,38.0,2.0,12.0,33.0,20.0,14.0,16.0,32.0,7.0,49.0,24.0,10.0
2020-07-25,6.0,16.0,7.0,16.0,7.0,5.0,48.0,27.0,11.0,2.0,52.0,7.0,22.0,31.0,24.0,12.0,78.0,4.0,39.0,17.0,54.0,5.0,14.0,29.0,22.0,18.0,34.0,28.0,16.0,59.0,28.0,15.0
2020-07-26,2.0,14.0,8.0,16.0,7.0,8.0,52.0,21.0,6.0,4.0,27.0,4.0,11.0,37.0,7.0,4.0,70.0,11.0,41.0,8.0,35.0,13.0,17.0,27.0,13.0,18.0,13.0,19.0,6.0,40.0,22.0,11.0
2020-07-27,9.0,19.0,10.0,2.0,1.0,11.0,55.0,28.0,12.0,5.0,40.0,11.0,33.0,45.0,21.0,7.0,91.0,4.0,44.0,5.0,41.0,3.0,11.0,37.0,30.0,8.0,17.0,37.0,10.0,47.0,40.0,14.0
2020-07-28,2.0,12.0,5.0,6.0,5.0,12.0,47.0,29.0,9.0,1.0,40.0,6.0,23.0,25.0,20.0,6.0,45.0,11.0,23.0,7.0,44.0,7.0,22.0,31.0,20.0,18.0,14.0,15.0,8.0,48.0,25.0,10.0
2020-07-29,5.0,11.0,10.0,5.0,3.0,7.0,37.0,25.0,7.0,4.0,25.0,10.0,14.0,22.0,8.0,4.0,57.0,7.0,32.0,12.0,25.0,12.0,14.0,28.0,22.0,23.0,8.0,21.0,11.0,43.0,20.0,6.0
2020-07-30,6.0,10.0,8.0,6.0,,8.0,48.0,22.0,7.0,9.0,26.0,4.0,14.0,20.0,13.0,6.0,53.0,3.0,33.0,13.0,25.0,10.0,10.0,26.0,18.0,17.0,23.0,27.0,7.0,30.0,19.0,10.0
2020-07-31,2.0,18.0,8.0,4.0,5.0,7.0,40.0,19.0,6.0,8.0,29.0,11.0,21.0,27.0,19.0,1.0,65.0,10.0,33.0,9.0,23.0,10.0,18.0,20.0,24.0,18.0,13.0,20.0,3.0,33.0,19.0,8.0
2020-08-01,5.0,14.0,9.0,6.0,4.0,7.0,67.0,38.0,6.0,12.0,44.0,18.0,21.0,42.0,30.0,4.0,81.0,11.0,52.0,19.0,59.0,8.0,16.0,43.0,24.0,16.0,20.0,27.0,14.0,54.0,29.0,11.0
2020-08-02,5.0,13.0,6.0,6.0,2.0,8.0,27.0,13.0,4.0,6.0,24.0,14.0,17.0,25.0,20.0,1.0,46.0,4.0,29.0,8.0,28.0,9.0,17.0,19.0,19.0,11.0,9.0,20.0,5.0,31.0,18.0,10.0
2020-08-03,9.0,14.0,8.0,2.0,4.0,8.0,52.0,35.0,7.0,1.0,34.0,10.0,19.0,44.0,17.0,10.0,71.0,10.0,55.0,13.0,33.0,8.0,15.0,34.0,26.0,16.0,11.0,30.0,7.0,28.0,19.0,10.0
2020-08-04,4.0,14.0,6.0,4.0,5.0,6.0,30.0,23.0,7.0,3.0,20.0,11.0,9.0,33.0,21.0,3.0,66.0,5.0,40.0,8.0,19.0,2.0,15.0,20.0,13.0,9.0,7.0,18.0,6.0,23.0,15.0,6.0
2020-08-05,2.0,12.0,8.0,6.0,,8.0,48.0,28.0,6.0,9.0,33.0,12.0,23.0,30.0,10.0,9.0,43.0,8.0,43.0,5.0,23.0,7.0,11.0,25.0,18.0,15.0,19.0,22.0,6.0,32.0,23.0,7.0
2020-08-06,7.0,15.0,8.0,3.0,2.0,7.0,32.0,14.0,4.0,6.0,21.0,5.0,20.0,24.0,16.0,7.0,63.0,8.0,27.0,7.0,22.0,5.0,12.0,18.0,11.0,9.0,12.0,27.0,4.0,30.0,18.0,12.0
2020-08-07,10.0,9.0,7.0,4.0,2.0,11.0,50.0,20.0,9.0,3.0,19.0,10.0,19.0,27.0,14.0,2.0,54.0,7.0,23.0,9.0,37.0,7.0,5.0,24.0,17.0,15.0,12.0,7.0,7.0,28.0,17.0,6.0
2020-08-08,3.0,12.0,6.0,2.0,1.0,8.0,31.0,30.0,5.0,8.0,28.0,11.0,23.0,22.0,16.0,2.0,61.0,7.0,27.0,9.0,26.0,15.0,13.0,23.0,13.0,10.0,8.0,16.0,2.0,30.0,26.0,10.0
2020-08-09,5.0,10.0,8.0,2.0,1.0,7.0,24.0,14.0,7.0,4.0,20.0,7.0,12.0,35.0,17.0,5.0,50.0,13.0,30.0,11.0,23.0,11.0,13.0,21.0,11.0,8.0,7.0,20.0,2.0,25.0,10.0,7.0
2020-08-10,15.0,17.0,9.0,3.0,,11.0,40.0,21.0,14.0,3.0,27.0,15.0,23.0,38.0,29.0,5.0,92.0,6.0,41.0,18.0,34.0,9.0,12.0,42.0,25.0,15.0,16.0,33.0,6.0,47.0,14.0,9.0
2020-08-11,7.0,12.0,7.0,5.0,,7.0,39.0,13.0,7.0,9.0,21.0,6.0,14.0,37.0,10.0,4.0,57.0,7.0,29.0,4.0,18.0,7.0,8.0,19.0,11.0,6.0,3.0,10.0,6.0,28.0,20.0,8.0
2020-08-12,4.0,14.0,4.0,2.0,2.0,10.0,32.0,13.0,7.0,2.0,15.0,8.0,11.0,27.0,15.0,3.0,38.0,6.0,41.0,5.0,25.0,2.0,10.0,18.0,22.0,5.0,10.0,9.0,3.0,19.0,9.0,7.0
2020-08-13,7.0,18.0,7.0,,1.0,6.0,47.0,15.0,4.0,9.0,24.0,7.0,18.0,20.0,14.0,3.0,41.0,4.0,29.0,4.0,27.0,7.0,8.0,31.0,16.0,7.0,6.0,22.0,4.0,31.0,10.0,5.0
2020-08-14,5.0,11.0,5.0,5.0,1.0,5.0,49.0,27.0,9.0,10.0,15.0,6.0,26.0,28.0,22.0,6.0,54.0,10.0,28.0,7.0,29.0,10.0,15.0,26.0,16.0,9.0,2.0,22.0,6.0,22.0,14.0,7.0
2020-08-15,13.0,9.0,5.0,5.0,1.0,11.0,32.0,26.0,6.0,7.0,29.0,10.0,17.0,31.0,20.0,3.0,62.0,5.0,35.0,8.0,25.0,12.0,6.0,23.0,21.0,14.0,15.0,18.0,2.0,26.0,16.0,6.0
2020-08-16,5.0,9.0,6.0,1.0,,4.0,38.0,25.0,8.0,5.0,17.0,6.0,10.0,23.0,17.0,6.0,45.0,4.0,30.0,7.0,22.0,9.0,9.0,11.0,5.0,7.0,10.0,20.0,8.0,24.0,6.0,2.0
2020-08-17,5.0,11.0,7.0,5.0,3.0,6.0,47.0,21.0,7.0,6.0,31.0,8.0,29.0,26.0,23.0,1.0,49.0,10.0,24.0,6.0,22.0,8.0,7.0,25.0,15.0,9.0,5.0,16.0,8.0,36.0,10.0,6.0
2020-08-18,7.0,19.0,5.0,1.0,,7.0,42.0,15.0,8.0,6.0,11.0,9.0,17.0,17.0,13.0,6.0,40.0,11.0,47.0,5.0,25.0,14.0,7.0,22.0,29.0,9.0,9.0,17.0,2.0,28.0,14.0,13.0
2020-08-19,8.0,14.0,6.0,2.0,1.0,4.0,38.0,15.0,10.0,5.0,23.0,6.0,14.0,32.0,14.0,3.0,36.0,8.0,23.0,6.0,19.0,6.0,11.0,19.0,9.0,8.0,6.0,13.0,3.0,26.0,24.0,18.0
2020-08-20,3.0,15.0,8.0,3.0,1.0,14.0,76.0,19.0,6.0,14.0,18.0,15.0,20.0,29.0,30.0,4.0,87.0,9.0,41.0,11.0,38.0,13.0,11.0,28.0,23.0,9.0,13.0,24.0,7.0,42.0,13.0,12.0
2020-08-21,10.0,9.0,7.0,4.0,1.0,8.0,35.0,15.0,11.0,4.0,16.0,7.0,8.0,23.0,15.0,4.0,45.0,4.0,30.0,4.0,19.0,7.0,7.0,15.0,13.0,5.0,8.0,9.0,1.0,27.0,14.0,15.0
2020-08-22,5.0,10.0,6.0,,,6.0,35.0,10.0,5.0,5.0,20.0,9.0,11.0,31.0,21.0,4.0,33.0,9.0,32.0,5.0,19.0,10.0,7.0,16.0,10.0,4.0,9.0,10.0,3.0,31.0,15.0,8.0
2020-08-23,9.0,13.0,3.0,1.0,,12.0,27.0,16.0,,4.0,15.0,3.0,18.0,19.0,19.0,2.0,43.0,5.0,38.0,4.0,18.0,6.0,8.0,14.0,14.0,7.0,4.0,7.0,4.0,25.0,11.0,6.0
2020-08-24,8.0,14.0,6.0,3.0,2.0,9.0,53.0,18.0,5.0,3.0,16.0,5.0,9.0,36.0,15.0,4.0,50.0,3.0,31.0,7.0,23.0,12.0,7.0,26.0,16.0,4.0,8.0,20.0,4.0,28.0,10.0,9.0
2020-08-25,9.0,13.0,5.0,2.0,,9.0,58.0,15.0,3.0,5.0,15.0,5.0,15.0,31.0,16.0,3.0,48.0,2.0,25.0,7.0,19.0,11.0,6.0,18.0,23.0,7.0,10.0,17.0,5.0,22.0,8.0,12.0
2020-08-26,5.0,9.0,4.0,2.0,,7.0,39.0,16.0,5.0,7.0,11.0,4.0,12.0,21.0,18.0,2.0,57.0,14.0,15.0,6.0,20.0,10.0,10.0,8.0,17.0,4.0,8.0,15.0,5.0,23.0,6.0,6.0
2020-08-27,5.0,8.0,3.0,2.0,1.0,6.0,42.0,12.0,3.0,8.0,25.0,4.0,14.0,25.0,15.0,9.0,39.0,12.0,29.0,7.0,22.0,11.0,4.0,5.0,16.0,5.0,7.0,9.0,4.0,24.0,9.0,4.0
2020-08-28,4.0,12.0,5.0,2.0,2.0,14.0,58.0,19.0,7.0,4.0,31.0,11.0,19.0,31.0,22.0,4.0,64.0,4.0,33.0,4.0,26.0,10.0,13.0,16.0,15.0,2.0,5.0,13.0,3.0,30.0,5.0,9.0
2020-08-29,6.0,7.0,2.0,,,6.0,33.0,15.0,2.0,4.0,11.0,2.0,10.0,16.0,14.0,2.0,33.0,9.0,17.0,,15.0,18.0,3.0,10.0,10.0,9.0,2.0,12.0,5.0,17.0,3.0,6.0
2020-08-30,7.0,14.0,4.0,2.0,4.0,6.0,55.0,17.0,4.0,5.0,27.0,5.0,15.0,23.0,11.0,4.0,34.0,8.0,26.0,5.0,11.0,10.0,6.0,7.0,19.0,5.0,3.0,12.0,2.0,25.0,7.0,5.0
2020-08-31,9.0,10.0,4.0,1.0,2.0,8.0,55.0,13.0,2.0,7.0,21.0,11.0,16.0,35.0,18.0,4.0,61.0,6.0,31.0,5.0,17.0,6.0,6.0,15.0,9.0,2.0,5.0,10.0,6.0,29.0,11.0,10.0
2020-09-01,13.0,16.0,5.0,1.0,1.0,5.0,72.0,17.0,4.0,4.0,25.0,10.0,10.0,33.0,22.0,6.0,83.0,7.0,30.0,11.0,25.0,13.0,8.0,26.0,18.0,3.0,5.0,19.0,5.0,33.0,7.0,13.0
2020-09-02,7.0,15.0,5.0,1.0,,7.0,35.0,16.0,2.0,5.0,13.0,9.0,11.0,30.0,14.0,2.0,33.0,8.0,38.0,13.0,15.0,9.0,2.0,16.0,9.0,8.0,6.0,8.0,2.0,22.0,10.0,4.0
2020-09-03,4.0,11.0,2.0,,1.0,12.0,44.0,15.0,5.0,5.0,8.0,5.0,4.0,20.0,22.0,2.0,38.0,5.0,31.0,10.0,15.0,7.0,7.0,14.0,8.0,2.0,2.0,19.0,1.0,14.0,6.0,7.0
2020-09-04,7.0,12.0,9.0,1.0,1.0,15.0,46.0,12.0,9.0,8.0,15.0,7.0,13.0,29.0,13.0,2.0,49.0,3.0,29.0,6.0,19.0,4.0,9.0,15.0,15.0,2.0,7.0,7.0,3.0,20.0,6.0,6.0
2020-09-05,9.0,8.0,2.0,2.0,,15.0,33.0,17.0,7.0,6.0,14.0,9.0,11.0,34.0,18.0,4.0,46.0,7.0,29.0,8.0,21.0,8.0,4.0,8.0,16.0,5.0,4.0,9.0,2.0,22.0,9.0,4.0
2020-09-06,7.0,11.0,9.0,2.0,,7.0,37.0,21.0,,13.0,7.0,9.0,12.0,24.0,14.0,1.0,43.0,7.0,13.0,2.0,12.0,11.0,6.0,12.0,7.0,3.0,7.0,12.0,3.0,25.0,6.0,4.0
2020-09-07,6.0,8.0,1.0,1.0,,11.0,35.0,19.0,3.0,5.0,17.0,11.0,15.0,30.0,13.0,2.0,46.0,2.0,20.0,11.0,15.0,8.0,8.0,11.0,16.0,9.0,6.0,9.0,2.0,17.0,8.0,6.0
2020-09-08,4.0,11.0,3.0,,,2.0,44.0,16.0,5.0,2.0,10.0,6.0,9.0,29.0,18.0,3.0,54.0,2.0,28.0,10.0,17.0,3.0,4.0,22.0,10.0,7.0,4.0,7.0,1.0,25.0,8.0,7.0
2020-09-09,7.0,9.0,3.0,3.0,,9.0,32.0,13.0,6.0,7.0,13.0,4.0,10.0,21.0,19.0,3.0,38.0,2.0,23.0,7.0,16.0,7.0,4.0,10.0,8.0,4.0,5.0,9.0,,26.0,6.0,2.0
2020-09-10,11.0,7.0,6.0,2.0,,16.0,63.0,6.0,1.0,7.0,19.0,11.0,16.0,35.0,18.0,2.0,67.0,7.0,26.0,9.0,24.0,11.0,7.0,17.0,13.0,2.0,5.0,11.0,8.0,17.0,3.0,7.0
2020-09-11,6.0,6.0,2.0,,1.0,17.0,42.0,4.0,8.0,1.0,11.0,9.0,10.0,24.0,10.0,4.0,41.0,5.0,27.0,10.0,11.0,8.0,8.0,11.0,11.0,2.0,5.0,10.0,1.0,15.0,5.0,2.0
2020-09-12,4.0,10.0,3.0,3.0,1.0,4.0,34.0,10.0,4.0,6.0,17.0,7.0,6.0,24.0,15.0,2.0,38.0,4.0,16.0,2.0,9.0,5.0,,5.0,7.0,5.0,3.0,6.0,2.0,24.0,6.0,10.0
2020-09-13,3.0,6.0,3.0,,,4.0,28.0,9.0,8.0,2.0,11.0,15.0,7.0,20.0,13.0,6.0,37.0,2.0,27.0,6.0,11.0,5.0,1.0,4.0,4.0,5.0,7.0,5.0,1.0,14.0,2.0,4.0
2020-09-14,3.0,9.0,1.0,2.0,,6.0,52.0,16.0,7.0,6.0,8.0,7.0,9.0,30.0,16.0,2.0,44.0,8.0,17.0,4.0,13.0,4.0,6.0,13.0,8.0,6.0,6.0,5.0,,19.0,4.0,11.0
2020-09-15,8.0,11.0,5.0,2.0,2.0,12.0,46.0,11.0,,3.0,16.0,12.0,8.0,14.0,10.0,6.0,43.0,2.0,31.0,7.0,21.0,4.0,5.0,11.0,10.0,8.0,2.0,3.0,,20.0,6.0,13.0
2020-09-16,6.0,12.0,3.0,1.0,1.0,5.0,41.0,8.0,9.0,4.0,9.0,9.0,11.0,19.0,11.0,5.0,43.0,3.0,34.0,5.0,11.0,9.0,4.0,19.0,9.0,5.0,4.0,5.0,2.0,21.0,4.0,5.0
2020-09-17,7.0,10.0,4.0,,,11.0,34.0,11.0,6.0,6.0,18.0,8.0,6.0,17.0,13.0,3.0,39.0,4.0,17.0,4.0,12.0,7.0,3.0,10.0,9.0,5.0,2.0,9.0,1.0,19.0,8.0,5.0
2020-09-18,7.0,10.0,,1.0,,14.0,33.0,16.0,6.0,3.0,12.0,9.0,10.0,21.0,13.0,3.0,40.0,1.0,24.0,5.0,18.0,8.0,8.0,8.0,6.0,7.0,5.0,8.0,2.0,14.0,8.0,10.0
2020-09-19,7.0,12.0,,,1.0,7.0,27.0,11.0,7.0,7.0,9.0,10.0,5.0,25.0,8.0,4.0,32.0,7.0,24.0,8.0,5.0,6.0,3.0,11.0,7.0,1.0,3.0,10.0,,14.0,5.0,4.0
2020-09-20,7.0,12.0,3.0,1.0,1.0,13.0,45.0,16.0,3.0,8.0,14.0,13.0,9.0,29.0,13.0,3.0,43.0,4.0,29.0,8.0,24.0,5.0,8.0,11.0,19.0,4.0,9.0,13.0,3.0,24.0,4.0,7.0
2020-09-21,4.0,7.0,2.0,2.0,,10.0,47.0,10.0,4.0,3.0,11.0,10.0,15.0,15.0,19.0,3.0,40.0,7.0,27.0,5.0,18.0,11.0,8.0,7.0,8.0,5.0,1.0,7.0,2.0,14.0,7.0,12.0
2020-09-22,3.0,8.0,2.0,1.0,1.0,13.0,41.0,7.0,4.0,4.0,16.0,9.0,8.0,28.0,10.0,4.0,34.0,,27.0,5.0,7.0,2.0,3.0,11.0,8.0,7.0,3.0,6.0,1.0,20.0,,5.0
2020-09-23,1.0,10.0,4.0,,3.0,11.0,49.0,8.0,6.0,4.0,5.0,5.0,4.0,21.0,5.0,2.0,36.0,4.0,27.0,4.0,12.0,6.0,5.0,13.0,10.0,11.0,,5.0,2.0,11.0,3.0,12.0
2020-09-24,1.0,4.0,1.0,1.0,,14.0,46.0,7.0,1.0,4.0,7.0,11.0,9.0,10.0,7.0,3.0,43.0,7.0,30.0,2.0,12.0,5.0,3.0,7.0,2.0,6.0,1.0,3.0,1.0,8.0,3.0,5.0
2020-09-25,7.0,12.0,4.0,,2.0,12.0,47.0,9.0,4.0,5.0,12.0,20.0,13.0,24.0,19.0,1.0,41.0,6.0,33.0,6.0,9.0,5.0,6.0,4.0,14.0,7.0,4.0,6.0,3.0,15.0,4.0,2.0
2020-09-26,4.0,9.0,1.0,,,8.0,31.0,10.0,5.0,6.0,10.0,5.0,9.0,15.0,11.0,3.0,33.0,2.0,19.0,8.0,8.0,3.0,9.0,6.0,8.0,5.0,3.0,4.0,,11.0,6.0,2.0
2020-09-27,5.0,12.0,2.0,,,12.0,52.0,12.0,7.0,4.0,8.0,7.0,11.0,19.0,11.0,3.0,53.0,4.0,23.0,2.0,7.0,8.0,2.0,11.0,8.0,5.0,4.0,12.0,3.0,12.0,4.0,7.0
2020-09-28,5.0,11.0,2.0,,,25.0,49.0,12.0,6.0,3.0,9.0,10.0,10.0,29.0,14.0,4.0,36.0,3.0,34.0,10.0,17.0,6.0,4.0,19.0,12.0,4.0,3.0,9.0,5.0,14.0,9.0,5.0
2020-09-29,1.0,4.0,2.0,,1.0,21.0,55.0,11.0,5.0,4.0,20.0,9.0,17.0,16.0,9.0,5.0,39.0,5.0,21.0,6.0,6.0,8.0,8.0,12.0,6.0,10.0,2.0,8.0,3.0,12.0,4.0,2.0
2020-09-30,3.0,12.0,,1.0,,19.0,39.0,17.0,2.0,4.0,7.0,7.0,8.0,19.0,15.0,4.0,40.0,2.0,23.0,4.0,11.0,9.0,3.0,17.0,10.0,5.0,4.0,9.0,3.0,10.0,4.0,3.0
2020-10-01,15.0,9.0,4.0,3.0,1.0,43.0,79.0,8.0,9.0,9.0,13.0,22.0,16.0,33.0,16.0,3.0,72.0,6.0,35.0,13.0,13.0,12.0,8.0,9.0,18.0,10.0,5.0,14.0,3.0,16.0,10.0,6.0
2020-10-02,5.0,7.0,2.0,1.0,1.0,30.0,47.0,14.0,3.0,12.0,11.0,7.0,9.0,26.0,11.0,5.0,39.0,4.0,21.0,4.0,11.0,9.0,3.0,18.0,7.0,3.0,2.0,6.0,,12.0,9.0,5.0
2020-10-03,10.0,11.0,,1.0,,19.0,40.0,7.0,5.0,5.0,17.0,11.0,8.0,13.0,7.0,2.0,53.0,1.0,26.0,5.0,8.0,1.0,2.0,10.0,5.0,7.0,,4.0,2.0,13.0,6.0,7.0
2020-10-04,5.0,10.0,3.0,,1.0,30.0,32.0,7.0,2.0,5.0,9.0,9.0,15.0,20.0,10.0,6.0,35.0,5.0,15.0,5.0,10.0,6.0,2.0,8.0,7.0,7.0,1.0,2.0,4.0,13.0,8.0,11.0
2020-10-05,6.0,17.0,2.0,1.0,,45.0,49.0,19.0,2.0,10.0,14.0,5.0,10.0,30.0,17.0,3.0,39.0,3.0,25.0,8.0,19.0,2.0,5.0,18.0,18.0,6.0,2.0,5.0,5.0,11.0,5.0,7.0
2020-10-06,8.0,14.0,2.0,,,25.0,47.0,17.0,1.0,3.0,9.0,3.0,12.0,13.0,10.0,3.0,37.0,2.0,22.0,6.0,7.0,4.0,,6.0,7.0,5.0,2.0,6.0,,12.0,5.0,9.0
2020-10-07,9.0,10.0,4.0,1.0,,24.0,35.0,15.0,8.0,9.0,9.0,2.0,8.0,30.0,5.0,3.0,50.0,6.0,30.0,9.0,14.0,5.0,6.0,20.0,11.0,5.0,4.0,15.0,4.0,15.0,7.0,2.0
2020-10-08,8.0,11.0,1.0,1.0,,41.0,38.0,16.0,9.0,13.0,10.0,4.0,6.0,32.0,10.0,3.0,39.0,1.0,18.0,5.0,14.0,8.0,2.0,15.0,6.0,6.0,2.0,12.0,2.0,15.0,6.0,6.0
2020-10-09,3.0,15.0,1.0,1.0,,36.0,49.0,13.0,3.0,8.0,9.0,4.0,9.0,21.0,8.0,2.0,40.0,2.0,25.0,9.0,9.0,9.0,1.0,21.0,12.0,4.0,6.0,7.0,2.0,14.0,9.0,8.0
2020-10-10,7.0,23.0,3.0,1.0,1.0,74.0,54.0,28.0,4.0,13.0,15.0,4.0,15.0,39.0,17.0,3.0,57.0,4.0,45.0,8.0,17.0,18.0,3.0,18.0,17.0,13.0,6.0,15.0,5.0,14.0,6.0,12.0
2020-10-11,6.0,5.0,4.0,,,33.0,33.0,17.0,6.0,10.0,6.0,3.0,9.0,21.0,16.0,5.0,42.0,7.0,21.0,1.0,9.0,7.0,2.0,18.0,15.0,11.0,4.0,2.0,,12.0,3.0,7.0
2020-10-12,10.0,13.0,3.0,1.0,2.0,70.0,59.0,21.0,3.0,13.0,25.0,10.0,12.0,31.0,12.0,,53.0,2.0,31.0,7.0,12.0,6.0,4.0,20.0,12.0,3.0,1.0,8.0,5.0,16.0,7.0,16.0
2020-10-13,8.0,10.0,,1.0,,43.0,60.0,22.0,2.0,5.0,18.0,3.0,7.0,26.0,5.0,4.0,48.0,5.0,33.0,4.0,10.0,4.0,2.0,14.0,3.0,5.0,7.0,5.0,2.0,9.0,5.0,10.0
2020-10-14,4.0,14.0,1.0,,,51.0,51.0,14.0,2.0,7.0,13.0,2.0,11.0,33.0,7.0,8.0,38.0,3.0,29.0,4.0,12.0,7.0,2.0,17.0,7.0,4.0,3.0,9.0,1.0,10.0,5.0,13.0
2020-10-15,14.0,11.0,4.0,1.0,1.0,87.0,57.0,32.0,4.0,13.0,21.0,12.0,19.0,36.0,16.0,4.0,64.0,4.0,40.0,5.0,11.0,4.0,4.0,14.0,13.0,6.0,1.0,18.0,7.0,17.0,6.0,11.0
2020-10-16,13.0,11.0,2.0,1.0,,49.0,50.0,29.0,3.0,16.0,16.0,7.0,7.0,31.0,6.0,2.0,47.0,2.0,29.0,6.0,9.0,7.0,3.0,9.0,4.0,4.0,3.0,9.0,2.0,9.0,5.0,10.0
2020-10-17,9.0,9.0,1.0,,,65.0,37.0,26.0,3.0,9.0,13.0,3.0,12.0,29.0,8.0,1.0,39.0,5.0,24.0,5.0,9.0,8.0,2.0,9.0,11.0,7.0,1.0,6.0,1.0,8.0,6.0,3.0
2020-10-18,12.0,11.0,2.0,,,44.0,41.0,24.0,4.0,16.0,16.0,6.0,13.0,29.0,7.0,4.0,56.0,2.0,28.0,4.0,10.0,13.0,2.0,20.0,8.0,5.0,,9.0,4.0,5.0,4.0,12.0
2020-10-19,12.0,15.0,6.0,,,81.0,50.0,38.0,2.0,11.0,15.0,6.0,15.0,30.0,11.0,8.0,48.0,2.0,31.0,8.0,9.0,10.0,4.0,13.0,4.0,10.0,,11.0,4.0,20.0,3.0,14.0
2020-10-20,7.0,16.0,1.0,,,77.0,63.0,40.0,2.0,11.0,19.0,9.0,21.0,36.0,7.0,2.0,65.0,1.0,28.0,3.0,15.0,7.0,1.0,23.0,18.0,10.0,1.0,11.0,2.0,17.0,5.0,19.0
2020-10-21,10.0,9.0,2.0,,,55.0,50.0,27.0,2.0,16.0,7.0,5.0,12.0,24.0,14.0,5.0,33.0,4.0,24.0,5.0,14.0,,,11.0,11.0,6.0,2.0,7.0,,12.0,2.0,10.0
2020-10-22,13.0,19.0,2.0,,2.0,67.0,38.0,18.0,3.0,11.0,12.0,10.0,8.0,26.0,8.0,3.0,56.0,2.0,22.0,7.0,10.0,9.0,1.0,22.0,8.0,10.0,,7.0,,9.0,6.0,10.0
2020-10-23,7.0,11.0,3.0,,,51.0,40.0,35.0,5.0,11.0,16.0,4.0,11.0,15.0,13.0,1.0,38.0,2.0,23.0,6.0,10.0,6.0,1.0,8.0,11.0,9.0,2.0,8.0,,5.0,6.0,11.0
2020-10-24,10.0,14.0,3.0,,1.0,39.0,33.0,21.0,1.0,16.0,10.0,4.0,11.0,27.0,7.0,2.0,37.0,1.0,33.0,4.0,14.0,9.0,,13.0,8.0,7.0,2.0,7.0,1.0,6.0,3.0,14.0
2020-10-25,7.0,10.0,2.0,,,98.0,46.0,31.0,2.0,17.0,15.0,7.0,13.0,35.0,3.0,3.0,65.0,1.0,26.0,11.0,10.0,14.0,3.0,16.0,13.0,6.0,2.0,6.0,4.0,6.0,5.0,13.0
2020-10-26,16.0,7.0,1.0,1.0,,72.0,51.0,24.0,,16.0,16.0,6.0,13.0,28.0,5.0,3.0,56.0,1.0,29.0,6.0,12.0,13.0,1.0,17.0,8.0,5.0,,5.0,,8.0,4.0,17.0
2020-10-27,13.0,12.0,,,,48.0,43.0,32.0,,8.0,14.0,5.0,14.0,28.0,8.0,2.0,49.0,2.0,21.0,5.0,15.0,3.0,1.0,9.0,6.0,10.0,2.0,1.0,1.0,8.0,4.0,17.0
2020-10-28,11.0,21.0,2.0,,,50.0,52.0,26.0,4.0,20.0,14.0,9.0,14.0,19.0,7.0,2.0,50.0,2.0,22.0,3.0,15.0,11.0,4.0,6.0,5.0,8.0,1.0,8.0,2.0,10.0,9.0,22.0
2020-10-29,14.0,14.0,1.0,,,48.0,33.0,23.0,4.0,10.0,18.0,3.0,14.0,19.0,9.0,3.0,42.0,2.0,16.0,9.0,7.0,8.0,2.0,8.0,6.0,10.0,4.0,2.0,2.0,5.0,5.0,7.0
2020-10-30,11.0,10.0,2.0,1.0,1.0,79.0,57.0,29.0,1.0,12.0,13.0,2.0,12.0,28.0,6.0,,42.0,2.0,27.0,3.0,12.0,5.0,1.0,18.0,4.0,13.0,4.0,5.0,2.0,9.0,6.0,20.0
2020-10-31,7.0,15.0,3.0,,,61.0,49.0,27.0,1.0,15.0,9.0,3.0,18.0,17.0,7.0,,32.0,1.0,24.0,2.0,8.0,13.0,,12.0,7.0,9.0,2.0,6.0,1.0,7.0,3.0,18.0
2020-11-01,11.0,29.0,2.0,1.0,,75.0,112.0,47.0,,22.0,23.0,8.0,21.0,39.0,10.0,6.0,92.0,3.0,32.0,4.0,19.0,8.0,3.0,15.0,9.0,24.0,3.0,16.0,3.0,17.0,5.0,26.0
2020-11-02,12.0,13.0,5.0,1.0,,64.0,84.0,45.0,2.0,11.0,23.0,4.0,6.0,28.0,12.0,6.0,64.0,,20.0,3.0,14.0,17.0,3.0,19.0,6.0,17.0,1.0,8.0,1.0,14.0,2.0,17.0
2020-11-03,12.0,26.0,2.0,1.0,,44.0,38.0,26.0,1.0,6.0,19.0,4.0,10.0,24.0,6.0,2.0,67.0,2.0,16.0,7.0,10.0,10.0,3.0,17.0,6.0,7.0,1.0,12.0,,12.0,3.0,10.0
2020-11-04,11.0,26.0,3.0,,,33.0,52.0,33.0,2.0,19.0,22.0,2.0,10.0,17.0,8.0,2.0,74.0,3.0,16.0,2.0,10.0,6.0,3.0,15.0,4.0,14.0,3.0,4.0,,6.0,7.0,6.0
2020-11-05,10.0,21.0,1.0,,,48.0,67.0,39.0,2.0,16.0,29.0,6.0,16.0,13.0,11.0,5.0,51.0,2.0,25.0,5.0,10.0,7.0,2.0,15.0,8.0,13.0,1.0,11.0,,5.0,7.0,17.0
2020-11-06,8.0,9.0,1.0,,,38.0,59.0,40.0,1.0,15.0,28.0,4.0,17.0,34.0,4.0,3.0,50.0,3.0,23.0,1.0,9.0,9.0,2.0,13.0,6.0,12.0,2.0,7.0,2.0,6.0,2.0,15.0
2020-11-07,13.0,17.0,2.0,,2.0,49.0,64.0,31.0,3.0,7.0,20.0,4.0,14.0,23.0,8.0,3.0,45.0,2.0,22.0,9.0,11.0,10.0,8.0,12.0,8.0,7.0,2.0,5.0,2.0,17.0,4.0,14.0
2020-11-08,11.0,20.0,4.0,1.0,,40.0,68.0,24.0,2.0,11.0,26.0,3.0,13.0,26.0,5.0,4.0,55.0,3.0,16.0,6.0,12.0,14.0,2.0,11.0,11.0,11.0,2.0,1.0,1.0,10.0,6.0,13.0
2020-11-09,14.0,14.0,1.0,,,31.0,75.0,42.0,1.0,14.0,32.0,4.0,28.0,28.0,9.0,5.0,64.0,4.0,29.0,4.0,13.0,9.0,3.0,28.0,14.0,12.0,1.0,15.0,1.0,14.0,4.0,10.0
2020-11-10,13.0,24.0,2.0,2.0,1.0,53.0,85.0,51.0,,13.0,35.0,7.0,23.0,33.0,15.0,2.0,85.0,,28.0,9.0,18.0,20.0,3.0,15.0,12.0,17.0,1.0,4.0,5.0,8.0,5.0,17.0
2020-11-11,8.0,11.0,2.0,1.0,,39.0,43.0,36.0,2.0,11.0,27.0,3.0,17.0,29.0,6.0,3.0,59.0,3.0,22.0,7.0,7.0,13.0,3.0,8.0,5.0,11.0,2.0,7.0,1.0,9.0,5.0,17.0
2020-11-12,9.0,26.0,1.0,,,38.0,66.0,34.0,1.0,28.0,28.0,2.0,17.0,25.0,8.0,3.0,65.0,1.0,20.0,2.0,8.0,16.0,3.0,16.0,3.0,13.0,3.0,5.0,,14.0,5.0,10.0
2020-11-13,12.0,22.0,6.0,,,29.0,81.0,23.0,2.0,8.0,28.0,2.0,12.0,33.0,6.0,5.0,63.0,4.0,18.0,4.0,15.0,14.0,2.0,20.0,10.0,15.0,1.0,12.0,,9.0,1.0,17.0
2020-11-14,10.0,26.0,,1.0,,33.0,55.0,27.0,1.0,10.0,35.0,4.0,16.0,27.0,10.0,1.0,69.0,1.0,24.0,2.0,10.0,14.0,3.0,11.0,11.0,13.0,,8.0,4.0,5.0,3.0,13.0
2020-11-15,13.0,36.0,1.0,,,50.0,112.0,40.0,2.0,10.0,29.0,9.0,23.0,30.0,9.0,2.0,64.0,1.0,19.0,4.0,20.0,16.0,2.0,24.0,16.0,18.0,4.0,5.0,2.0,14.0,10.0,14.0
2020-11-16,9.0,35.0,1.0,,1.0,41.0,77.0,40.0,1.0,18.0,37.0,2.0,27.0,36.0,10.0,4.0,73.0,4.0,30.0,2.0,16.0,20.0,3.0,14.0,5.0,16.0,4.0,11.0,2.0,15.0,5.0,20.0
2020-11-17,14.0,25.0,2.0,2.0,1.0,24.0,62.0,30.0,1.0,7.0,22.0,5.0,10.0,33.0,4.0,4.0,84.0,3.0,22.0,5.0,14.0,12.0,1.0,13.0,10.0,17.0,1.0,10.0,2.0,10.0,5.0,4.0
2020-11-18,14.0,39.0,,,,27.0,79.0,27.0,1.0,12.0,36.0,4.0,14.0,27.0,8.0,4.0,84.0,2.0,9.0,7.0,14.0,12.0,5.0,25.0,9.0,18.0,1.0,11.0,,13.0,8.0,20.0
2020-11-19,14.0,37.0,2.0,1.0,,27.0,66.0,25.0,,11.0,48.0,4.0,12.0,26.0,9.0,1.0,71.0,,19.0,2.0,13.0,18.0,1.0,10.0,8.0,21.0,,11.0,3.0,6.0,5.0,26.0
2020-11-20,16.0,34.0,2.0,1.0,2.0,39.0,122.0,52.0,2.0,23.0,53.0,7.0,24.0,28.0,16.0,4.0,112.0,3.0,35.0,14.0,11.0,24.0,6.0,25.0,15.0,23.0,9.0,15.0,4.0,13.0,3.0,28.0
2020-11-21,12.0,32.0,1.0,,,20.0,62.0,19.0,3.0,13.0,38.0,5.0,16.0,21.0,6.0,2.0,66.0,,15.0,5.0,14.0,18.0,2.0,13.0,4.0,13.0,1.0,10.0,6.0,11.0,6.0,14.0
2020-11-22,17.0,25.0,2.0,,2.0,24.0,81.0,26.0,2.0,12.0,32.0,5.0,15.0,31.0,8.0,5.0,80.0,,17.0,6.0,9.0,26.0,1.0,19.0,7.0,20.0,4.0,15.0,4.0,8.0,6.0,16.0
2020-11-23,16.0,35.0,2.0,,1.0,16.0,97.0,36.0,3.0,24.0,39.0,5.0,19.0,51.0,9.0,4.0,89.0,1.0,18.0,5.0,19.0,10.0,1.0,13.0,7.0,18.0,5.0,9.0,1.0,13.0,6.0,15.0
2020-11-24,13.0,50.0,3.0,,1.0,17.0,82.0,31.0,1.0,9.0,38.0,4.0,17.0,30.0,6.0,1.0,87.0,1.0,18.0,5.0,20.0,17.0,5.0,17.0,4.0,14.0,3.0,8.0,4.0,8.0,5.0,10.0
2020-11-25,12.0,30.0,,1.0,,21.0,89.0,32.0,2.0,8.0,48.0,4.0,24.0,32.0,11.0,9.0,93.0,3.0,17.0,4.0,18.0,19.0,2.0,13.0,10.0,24.0,4.0,9.0,1.0,11.0,5.0,19.0
2020-11-26,11.0,37.0,2.0,,1.0,14.0,78.0,25.0,,12.0,37.0,4.0,23.0,29.0,7.0,3.0,91.0,2.0,9.0,3.0,11.0,24.0,4.0,14.0,2.0,15.0,8.0,6.0,,8.0,8.0,15.0
2020-11-27,7.0,37.0,2.0,,1.0,20.0,101.0,17.0,1.0,10.0,29.0,6.0,15.0,32.0,7.0,2.0,94.0,4.0,18.0,6.0,12.0,13.0,2.0,18.0,10.0,25.0,2.0,13.0,3.0,10.0,6.0,14.0
2020-11-28,3.0,31.0,4.0,1.0,1.0,19.0,86.0,20.0,,21.0,53.0,6.0,16.0,28.0,9.0,6.0,91.0,6.0,15.0,3.0,17.0,11.0,1.0,9.0,3.0,20.0,2.0,9.0,7.0,10.0,7.0,17.0
2020-11-29,14.0,38.0,5.0,,1.0,10.0,113.0,30.0,1.0,8.0,36.0,5.0,9.0,34.0,8.0,6.0,86.0,1.0,17.0,5.0,16.0,25.0,,12.0,5.0,20.0,2.0,9.0,3.0,4.0,4.0,11.0
2020-11-30,13.0,49.0,3.0,,,16.0,148.0,22.0,,18.0,53.0,7.0,28.0,41.0,11.0,5.0,134.0,1.0,23.0,9.0,26.0,32.0,2.0,12.0,7.0,27.0,6.0,10.0,7.0,11.0,5.0,16.0
2020-12-01,18.0,59.0,1.0,1.0,,22.0,161.0,60.0,1.0,9.0,61.0,5.0,39.0,64.0,19.0,6.0,182.0,5.0,23.0,4.0,17.0,23.0,2.0,9.0,11.0,31.0,15.0,21.0,6.0,14.0,9.0,17.0
2020-12-02,6.0,44.0,4.0,,1.0,15.0,125.0,23.0,1.0,9.0,33.0,7.0,26.0,47.0,14.0,4.0,119.0,5.0,13.0,5.0,21.0,13.0,4.0,15.0,5.0,21.0,5.0,7.0,3.0,15.0,4.0,11.0
2020-12-03,11.0,42.0,3.0,,1.0,18.0,106.0,29.0,2.0,15.0,36.0,5.0,20.0,36.0,13.0,5.0,113.0,3.0,19.0,7.0,7.0,20.0,3.0,9.0,4.0,18.0,5.0,4.0,3.0,20.0,8.0,11.0
2020-12-04,6.0,31.0,2.0,1.0,1.0,11.0,133.0,19.0,2.0,12.0,41.0,5.0,26.0,28.0,10.0,7.0,126.0,1.0,15.0,4.0,21.0,26.0,7.0,11.0,6.0,17.0,7.0,7.0,5.0,13.0,4.0,6.0
2020-12-05,4.0,48.0,4.0,1.0,1.0,12.0,128.0,19.0,1.0,5.0,31.0,10.0,26.0,42.0,13.0,7.0,121.0,3.0,24.0,4.0,12.0,18.0,2.0,17.0,9.0,31.0,8.0,6.0,7.0,13.0,5.0,4.0
2020-12-06,6.0,40.0,1.0,1.0,1.0,16.0,79.0,19.0,1.0,8.0,36.0,7.0,18.0,39.0,7.0,6.0,105.0,2.0,23.0,6.0,13.0,23.0,1.0,16.0,11.0,27.0,2.0,8.0,1.0,7.0,4.0,7.0
2020-12-07,8.0,55.0,2.0,1.0,,12.0,135.0,29.0,1.0,6.0,48.0,9.0,27.0,48.0,10.0,10.0,159.0,3.0,17.0,7.0,24.0,25.0,3.0,14.0,7.0,27.0,10.0,8.0,12.0,14.0,3.0,9.0
2020-12-08,9.0,40.0,7.0,1.0,1.0,13.0,129.0,23.0,,11.0,43.0,2.0,18.0,44.0,17.0,4.0,125.0,6.0,18.0,7.0,13.0,18.0,4.0,11.0,8.0,21.0,3.0,7.0,5.0,13.0,6.0,8.0
2020-12-09,2.0,41.0,3.0,1.0,1.0,9.0,131.0,16.0,1.0,5.0,57.0,8.0,22.0,50.0,18.0,4.0,125.0,4.0,25.0,6.0,13.0,12.0,1.0,15.0,7.0,21.0,11.0,7.0,2.0,15.0,7.0,8.0
2020-12-10,9.0,67.0,1.0,1.0,2.0,15.0,168.0,16.0,,12.0,49.0,15.0,42.0,55.0,16.0,7.0,165.0,3.0,33.0,8.0,34.0,24.0,5.0,12.0,5.0,36.0,18.0,19.0,3.0,14.0,11.0,9.0
2020-12-11,9.0,44.0,3.0,,1.0,12.0,149.0,20.0,,3.0,40.0,5.0,26.0,49.0,9.0,4.0,129.0,4.0,26.0,3.0,28.0,23.0,2.0,13.0,5.0,21.0,3.0,15.0,6.0,9.0,5.0,13.0
2020-12-12,7.0,46.0,7.0,,1.0,6.0,139.0,26.0,,4.0,42.0,11.0,33.0,52.0,13.0,3.0,125.0,5.0,26.0,8.0,29.0,28.0,4.0,12.0,7.0,27.0,3.0,9.0,2.0,12.0,3.0,8.0
2020-12-13,9.0,53.0,1.0,1.0,1.0,8.0,121.0,29.0,4.0,11.0,39.0,11.0,27.0,40.0,15.0,8.0,111.0,2.0,17.0,2.0,12.0,10.0,4.0,7.0,10.0,32.0,5.0,7.0,6.0,14.0,8.0,7.0
2020-12-14,4.0,47.0,7.0,2.0,3.0,11.0,153.0,28.0,1.0,11.0,53.0,4.0,29.0,44.0,9.0,7.0,162.0,4.0,29.0,9.0,22.0,23.0,7.0,14.0,7.0,30.0,3.0,21.0,11.0,21.0,3.0,5.0
2020-12-15,9.0,45.0,5.0,,2.0,18.0,165.0,33.0,1.0,7.0,48.0,5.0,29.0,51.0,23.0,9.0,176.0,2.0,27.0,10.0,27.0,20.0,4.0,11.0,15.0,25.0,12.0,18.0,5.0,11.0,1.0,15.0
2020-12-16,6.0,38.0,5.0,1.0,3.0,8.0,132.0,22.0,1.0,14.0,40.0,10.0,27.0,52.0,8.0,8.0,132.0,1.0,28.0,4.0,18.0,17.0,5.0,10.0,8.0,31.0,5.0,8.0,9.0,17.0,3.0,7.0
2020-12-17,4.0,34.0,4.0,2.0,1.0,6.0,137.0,21.0,1.0,6.0,45.0,8.0,20.0,40.0,20.0,8.0,124.0,4.0,38.0,14.0,16.0,13.0,3.0,15.0,9.0,36.0,5.0,9.0,10.0,14.0,3.0,8.0
2020-12-18,6.0,37.0,2.0,,3.0,10.0,178.0,23.0,4.0,6.0,43.0,4.0,27.0,61.0,12.0,8.0,165.0,2.0,28.0,7.0,21.0,16.0,7.0,18.0,14.0,35.0,4.0,15.0,8.0,19.0,3.0,7.0
2020-12-19,7.0,44.0,4.0,1.0,2.0,10.0,153.0,21.0,3.0,3.0,41.0,5.0,26.0,59.0,17.0,5.0,130.0,5.0,25.0,8.0,27.0,12.0,6.0,14.0,8.0,34.0,3.0,11.0,13.0,6.0,4.0,9.0
2020-12-20,4.0,63.0,,,5.0,8.0,197.0,27.0,3.0,9.0,63.0,8.0,34.0,66.0,29.0,17.0,172.0,2.0,29.0,15.0,42.0,32.0,5.0,20.0,10.0,31.0,11.0,21.0,17.0,22.0,2.0,12.0
2020-12-21,3.0,32.0,5.0,2.0,4.0,7.0,131.0,35.0,1.0,10.0,54.0,3.0,24.0,68.0,16.0,5.0,175.0,4.0,34.0,8.0,21.0,16.0,4.0,10.0,9.0,24.0,7.0,11.0,9.0,11.0,4.0,6.0
2020-12-22,6.0,39.0,4.0,1.0,1.0,12.0,126.0,18.0,4.0,4.0,48.0,8.0,22.0,53.0,19.0,10.0,119.0,5.0,19.0,11.0,21.0,19.0,5.0,6.0,6.0,21.0,7.0,11.0,15.0,13.0,2.0,5.0
2020-12-23,3.0,35.0,,,1.0,14.0,168.0,18.0,3.0,6.0,41.0,8.0,36.0,71.0,17.0,12.0,111.0,5.0,24.0,8.0,26.0,17.0,6.0,16.0,9.0,36.0,3.0,9.0,9.0,17.0,6.0,7.0
2020-12-24,8.0,40.0,3.0,1.0,1.0,10.0,183.0,33.0,2.0,12.0,55.0,5.0,32.0,73.0,31.0,5.0,193.0,7.0,29.0,13.0,30.0,22.0,8.0,14.0,8.0,30.0,9.0,18.0,13.0,18.0,5.0,13.0
2020-12-25,11.0,50.0,3.0,1.0,2.0,12.0,182.0,19.0,3.0,6.0,44.0,10.0,47.0,62.0,27.0,10.0,172.0,7.0,41.0,15.0,46.0,19.0,4.0,12.0,20.0,30.0,13.0,21.0,13.0,28.0,6.0,9.0
2020-12-26,9.0,54.0,,,4.0,10.0,114.0,30.0,1.0,4.0,42.0,11.0,23.0,47.0,19.0,8.0,146.0,4.0,25.0,6.0,38.0,28.0,7.0,20.0,8.0,26.0,10.0,8.0,11.0,19.0,6.0,10.0
2020-12-27,4.0,39.0,10.0,,2.0,10.0,170.0,35.0,1.0,8.0,59.0,11.0,30.0,79.0,32.0,10.0,170.0,7.0,33.0,12.0,36.0,29.0,3.0,19.0,12.0,22.0,11.0,14.0,17.0,24.0,2.0,12.0
2020-12-28,7.0,50.0,7.0,2.0,1.0,11.0,181.0,26.0,2.0,7.0,68.0,13.0,42.0,79.0,29.0,16.0,188.0,11.0,33.0,5.0,37.0,40.0,12.0,20.0,17.0,38.0,15.0,15.0,13.0,21.0,4.0,13.0
2020-12-29,1.0,38.0,4.0,1.0,5.0,12.0,104.0,28.0,3.0,2.0,51.0,13.0,41.0,54.0,16.0,7.0,124.0,7.0,41.0,8.0,27.0,16.0,4.0,12.0,11.0,17.0,6.0,7.0,4.0,26.0,6.0,8.0
2020-12-30,9.0,26.0,2.0,1.0,5.0,9.0,152.0,32.0,4.0,11.0,45.0,12.0,27.0,65.0,18.0,14.0,144.0,5.0,31.0,11.0,40.0,20.0,5.0,16.0,13.0,20.0,10.0,11.0,9.0,23.0,2.0,5.0
2020-12-31,3.0,37.0,4.0,,8.0,8.0,149.0,25.0,5.0,7.0,65.0,9.0,49.0,77.0,21.0,5.0,158.0,5.0,39.0,13.0,40.0,22.0,11.0,29.0,9.0,29.0,9.0,15.0,12.0,37.0,3.0,6.0
2021-01-01,14.0,52.0,6.0,,5.0,21.0,228.0,62.0,7.0,9.0,109.0,26.0,44.0,131.0,59.0,18.0,229.0,13.0,54.0,15.0,55.0,31.0,11.0,30.0,34.0,41.0,10.0,35.0,30.0,42.0,6.0,19.0
2021-01-02,15.0,43.0,6.0,1.0,6.0,9.0,119.0,45.0,3.0,7.0,70.0,11.0,43.0,74.0,34.0,15.0,110.0,9.0,41.0,16.0,27.0,17.0,4.0,20.0,13.0,24.0,4.0,16.0,15.0,17.0,3.0,11.0
2021-01-03,11.0,31.0,7.0,,7.0,7.0,162.0,33.0,5.0,10.0,68.0,18.0,41.0,99.0,19.0,28.0,154.0,10.0,46.0,8.0,30.0,28.0,3.0,15.0,11.0,31.0,2.0,12.0,12.0,21.0,3.0,4.0
2021-01-04,8.0,28.0,9.0,2.0,2.0,7.0,177.0,32.0,5.0,10.0,64.0,13.0,40.0,75.0,20.0,7.0,173.0,5.0,52.0,22.0,51.0,36.0,7.0,23.0,15.0,13.0,4.0,15.0,22.0,19.0,6.0,12.0
2021-01-05,8.0,28.0,4.0,5.0,7.0,10.0,151.0,33.0,7.0,10.0,61.0,18.0,55.0,83.0,28.0,17.0,154.0,9.0,43.0,17.0,31.0,23.0,10.0,14.0,17.0,23.0,14.0,13.0,19.0,23.0,4.0,13.0
2021-01-06,14.0,20.0,4.0,2.0,7.0,11.0,136.0,24.0,6.0,12.0,61.0,13.0,37.0,87.0,35.0,20.0,143.0,12.0,42.0,12.0,36.0,17.0,5.0,31.0,14.0,17.0,7.0,16.0,15.0,21.0,1.0,6.0
2021-01-07,13.0,19.0,4.0,1.0,5.0,11.0,157.0,33.0,9.0,5.0,53.0,10.0,26.0,76.0,25.0,21.0,145.0,10.0,39.0,14.0,40.0,31.0,5.0,23.0,6.0,19.0,10.0,10.0,13.0,23.0,3.0,4.0
2021-01-08,9.0,18.0,8.0,1.0,2.0,3.0,143.0,23.0,3.0,6.0,69.0,16.0,37.0,90.0,27.0,11.0,140.0,4.0,37.0,9.0,37.0,25.0,3.0,22.0,15.0,23.0,7.0,16.0,8.0,26.0,5.0,6.0
2021-01-09,4.0,8.0,6.0,,9.0,10.0,109.0,16.0,4.0,5.0,61.0,15.0,27.0,54.0,25.0,18.0,107.0,8.0,48.0,12.0,27.0,14.0,9.0,23.0,9.0,17.0,3.0,18.0,8.0,12.0,5.0,7.0
2021-01-10,10.0,18.0,9.0,2.0,6.0,13.0,152.0,26.0,4.0,15.0,82.0,15.0,49.0,80.0,40.0,12.0,163.0,14.0,43.0,17.0,33.0,27.0,7.0,28.0,16.0,16.0,10.0,21.0,22.0,25.0,8.0,11.0
2021-01-11,8.0,16.0,7.0,,5.0,7.0,136.0,24.0,4.0,5.0,57.0,15.0,36.0,68.0,29.0,18.0,143.0,7.0,34.0,6.0,38.0,29.0,2.0,15.0,9.0,6.0,5.0,18.0,10.0,10.0,4.0,9.0
2021-01-12,6.0,14.0,2.0,,4.0,5.0,109.0,29.0,5.0,8.0,51.0,12.0,22.0,56.0,17.0,12.0,128.0,8.0,31.0,13.0,20.0,21.0,4.0,14.0,6.0,12.0,4.0,17.0,6.0,29.0,3.0,9.0
2021-01-13,3.0,12.0,4.0,,9.0,9.0,85.0,24.0,3.0,3.0,39.0,14.0,28.0,54.0,17.0,8.0,99.0,8.0,28.0,9.0,19.0,17.0,2.0,17.0,9.0,7.0,6.0,10.0,10.0,18.0,3.0,5.0
2021-01-14,3.0,12.0,5.0,,2.0,4.0,95.0,25.0,3.0,7.0,40.0,7.0,24.0,51.0,18.0,9.0,88.0,11.0,32.0,11.0,11.0,13.0,3.0,15.0,5.0,9.0,3.0,6.0,12.0,27.0,3.0,7.0
2021-01-15,3.0,13.0,3.0,1.0,7.0,5.0,113.0,22.0,3.0,2.0,38.0,6.0,37.0,57.0,20.0,6.0,103.0,9.0,32.0,12.0,15.0,21.0,3.0,13.0,12.0,9.0,9.0,9.0,9.0,15.0,6.0,7.0
2021-01-16,9.0,6.0,4.0,2.0,4.0,3.0,52.0,27.0,2.0,3.0,33.0,8.0,10.0,40.0,19.0,5.0,81.0,4.0,19.0,7.0,16.0,18.0,3.0,7.0,1.0,6.0,1.0,11.0,7.0,18.0,3.0,6.0
2021-01-17,4.0,6.0,2.0,,2.0,4.0,51.0,22.0,4.0,2.0,41.0,3.0,8.0,28.0,15.0,8.0,71.0,9.0,24.0,6.0,12.0,8.0,1.0,10.0,6.0,8.0,,5.0,7.0,15.0,4.0,6.0
2021-01-18,4.0,7.0,3.0,2.0,5.0,2.0,56.0,14.0,3.0,5.0,28.0,13.0,12.0,27.0,15.0,5.0,71.0,4.0,22.0,7.0,17.0,8.0,3.0,15.0,2.0,2.0,9.0,7.0,7.0,15.0,3.0,5.0
2021-01-19,5.0,5.0,5.0,,,1.0,56.0,12.0,3.0,3.0,20.0,3.0,7.0,32.0,6.0,2.0,67.0,4.0,12.0,3.0,8.0,12.0,2.0,9.0,3.0,2.0,,8.0,2.0,8.0,3.0,3.0
2021-01-20,3.0,2.0,1.0,1.0,4.0,3.0,55.0,18.0,1.0,2.0,18.0,3.0,11.0,20.0,12.0,5.0,49.0,4.0,21.0,4.0,19.0,5.0,,6.0,3.0,5.0,2.0,6.0,2.0,8.0,3.0,3.0
2021-01-21,3.0,6.0,1.0,,2.0,1.0,21.0,10.0,3.0,2.0,15.0,3.0,6.0,14.0,3.0,1.0,36.0,6.0,10.0,2.0,4.0,2.0,2.0,3.0,4.0,1.0,2.0,2.0,2.0,7.0,1.0,
2021-01-22,,2.0,1.0,,1.0,1.0,21.0,7.0,,3.0,13.0,2.0,11.0,12.0,6.0,5.0,16.0,3.0,9.0,3.0,1.0,3.0,,2.0,3.0,1.0,1.0,2.0,1.0,4.0,1.0,3.0
2021-01-23,,,1.0,,,,14.0,6.0,,,3.0,1.0,,10.0,2.0,2.0,13.0,1.0,8.0,1.0,6.0,2.0,,,1.0,3.0,,1.0,1.0,3.0,,
2021-01-24,,1.0,1.0,,,1.0,9.0,3.0,,2.0,4.0,2.0,,4.0,1.0,3.0,17.0,2.0,1.0,,7.0,2.0,,,2.0,1.0,,3.0,2.0,,1.0,
2021-01-25,1.0,1.0,,,,,9.0,7.0,,,2.0,1.0,2.0,1.0,1.0,,7.0,,5.0,,4.0,1.0,,2.0,,,,1.0,,2.0,2.0,2.0
2021-01-26,,1.0,1.0,,,,5.0,2.0,,,3.0,,2.0,2.0,,,6.0,,5.0,2.0,2.0,,,,,,,,,,2.0,
2021-01-27,,,,,,,1.0,,,,1.0,,,1.0,,,1.0,,1.0,,,,,1.0,,,,,,,1.0,
2021-01-28,,,,,,,2.0,,,,,,,,,,1.0,,,1.0,,,,,,,,,,,,
